{
    "name": "draft",
    "modules": [
        {
            "id": "decision_1",
            "point": {
                "x": 237,
                "y": 808
            },
            "type": "decision",
            "label": "Decision",
            "decision_fields": {
                "condition_root": "decision_1_intent_1",
                "condition_nodes": [
                    {
                        "id": "decision_1_intent_1",
                        "condition_type": "intent",
                        "intent_fields": {
                            "intent": "new_thing_location"
                        }
                    }
                ]
            }
        },
        {
            "id": "decision_2",
            "point": {
                "x": 237,
                "y": 517
            },
            "type": "decision",
            "next_modules": [
                {
                    "id": "decision_1",
                    "outcome": "negative",
                    "incoming_side": "top",
                    "outgoing_side": "right"
                }
            ],
            "decision_fields": {
                "condition_root": "decision_2_intent_1",
                "condition_nodes": [
                    {
                        "id": "decision_2_intent_1",
                        "condition_type": "intent",
                        "intent_fields": {
                            "intent": "find_thing"
                        }
                    }
                ]
            }
        },
        {
            "id": "input_1",
            "point": {
                "x": 237,
                "y": 273
            },
            "type": "input",
            "label": "Input",
            "next_modules": [
                {
                    "id": "decision_2",
                    "outcome": "single",
                    "incoming_side": "left",
                    "outgoing_side": "bottom"
                }
            ]
        }
    ]
}
