{
    "name": "draft",
    "modules": [
        {
            "id": "input_1",
            "point": {
                "x": 2237,
                "y": 121
            },
            "type": "input",
            "next_modules": [
                {
                    "id": "decision_1",
                    "outcome": "single",
                    "incoming_side": "top",
                    "outgoing_side": "right"
                }
            ]
        },
        {
            "id": "response_1",
            "point": {
                "x": 1615,
                "y": 74
            },
            "type": "response",
            "next_modules": [
                {
                    "id": "input_1",
                    "outcome": "single",
                    "incoming_side": "left",
                    "outgoing_side": "right"
                }
            ],
            "response_fields": {
                "speech": {
                    "q": "I'm sorry but I didn't get what you wanted to find",
                    "voice": "wit$Charlie"
                }
            }
        },
        {
            "id": "decision_1",
            "point": {
                "x": 947,
                "y": 58
            },
            "type": "decision",
            "next_modules": [
                {
                    "id": "response_1",
                    "outcome": "negative",
                    "incoming_side": "left",
                    "outgoing_side": "right"
                },
                {
                    "id": "context_1",
                    "outcome": "positive",
                    "incoming_side": "left",
                    "outgoing_side": "right"
                }
            ],
            "decision_fields": {
                "condition_root": "decision_1_entity_with_value_1",
                "condition_nodes": [
                    {
                        "id": "decision_1_entity_with_value_1",
                        "condition_type": "entity_with_value",
                        "entity_with_value_fields": {
                            "entity": "thing_to_find:thing_to_find"
                        }
                    }
                ]
            }
        },
        {
            "id": "response_2",
            "point": {
                "x": 699,
                "y": 1244
            },
            "type": "response",
            "response_fields": {
                "speech": {
                    "q": "Sorry, I didn't get that",
                    "voice": "wit$Charlie"
                }
            }
        },
        {
            "id": "response_3",
            "point": {
                "x": 1883,
                "y": 420
            },
            "type": "response",
            "response_fields": {
                "speech": {
                    "q": "Okay, you want to find {thing_to_find[0].value}",
                    "voice": "wit$Charlie"
                }
            }
        },
        {
            "id": "response_4",
            "point": {
                "x": 1765,
                "y": 890
            },
            "type": "response",
            "response_fields": {
                "speech": {
                    "q": "Okay, you want to store a new thing!",
                    "voice": "wit$Charlie"
                }
            }
        },
        {
            "id": "decision_2",
            "point": {
                "x": 696,
                "y": 868
            },
            "type": "decision",
            "label": "Decision",
            "next_modules": [
                {
                    "id": "response_2",
                    "outcome": "negative",
                    "incoming_side": "top",
                    "outgoing_side": "bottom"
                },
                {
                    "id": "response_4",
                    "outcome": "positive",
                    "incoming_side": "left",
                    "outgoing_side": "right"
                }
            ],
            "decision_fields": {
                "condition_root": "decision_2_intent_1",
                "condition_nodes": [
                    {
                        "id": "decision_2_intent_1",
                        "condition_type": "intent",
                        "intent_fields": {
                            "intent": "new_thing_location"
                        }
                    }
                ]
            }
        },
        {
            "id": "context_1",
            "point": {
                "x": 1416,
                "y": 411
            },
            "type": "context",
            "label": "Context",
            "next_modules": [
                {
                    "id": "response_3",
                    "outcome": "single",
                    "incoming_side": "left",
                    "outgoing_side": "right"
                }
            ],
            "context_fields": {
                "context_type": "save",
                "save_fields": {
                    "path": "thing_to_find",
                    "entity": "thing_to_find:thing_to_find"
                }
            }
        },
        {
            "id": "decision_3",
            "point": {
                "x": 694,
                "y": 410
            },
            "type": "decision",
            "next_modules": [
                {
                    "id": "decision_2",
                    "outcome": "negative",
                    "incoming_side": "top",
                    "outgoing_side": "bottom"
                },
                {
                    "id": "decision_1",
                    "outcome": "positive",
                    "incoming_side": "bottom",
                    "outgoing_side": "right"
                }
            ],
            "decision_fields": {
                "condition_root": "decision_3_intent_1",
                "condition_nodes": [
                    {
                        "id": "decision_3_intent_1",
                        "condition_type": "intent",
                        "intent_fields": {
                            "intent": "find_thing"
                        }
                    }
                ]
            }
        },
        {
            "id": "input_2",
            "point": {
                "x": 346,
                "y": 264
            },
            "type": "input",
            "label": "Input",
            "next_modules": [
                {
                    "id": "decision_3",
                    "outcome": "single",
                    "incoming_side": "left",
                    "outgoing_side": "bottom"
                }
            ]
        }
    ]
}
