{
    "utterances": [
        {
            "text": "Help me find",
            "entities": [],
            "traits": [],
            "intent": "find_thing"
        },
        {
            "text": "Help me find appliance receipts",
            "entities": [
                {
                    "entity": "thing_to_find:thing_to_find",
                    "start": 13,
                    "end": 31,
                    "body": "appliance receipts",
                    "entities": []
                }
            ],
            "traits": [],
            "intent": "find_thing"
        },
        {
            "text": "Help me find my notebook",
            "entities": [
                {
                    "entity": "thing_to_find:thing_to_find",
                    "start": 16,
                    "end": 24,
                    "body": "notebook",
                    "entities": []
                }
            ],
            "traits": [],
            "intent": "find_thing"
        },
        {
            "text": "Help me find my pretty little notebook",
            "entities": [
                {
                    "entity": "thing_to_find:thing_to_find",
                    "start": 16,
                    "end": 38,
                    "body": "pretty little notebook",
                    "entities": []
                }
            ],
            "traits": [],
            "intent": "find_thing"
        },
        {
            "text": "Help me find my red backpack",
            "entities": [
                {
                    "entity": "thing_to_find:thing_to_find",
                    "start": 16,
                    "end": 28,
                    "body": "red backpack",
                    "entities": []
                }
            ],
            "traits": [],
            "intent": "find_thing"
        },
        {
            "text": "Help me find something",
            "entities": [],
            "traits": [],
            "intent": "find_thing"
        },
        {
            "text": "I want to store a new thing",
            "entities": [],
            "traits": [],
            "intent": "new_thing_location"
        },
        {
            "text": "I want to store something new",
            "entities": [],
            "traits": [],
            "intent": "new_thing_location"
        },
        {
            "text": "I'd like to find the little book of calm",
            "entities": [
                {
                    "entity": "thing_to_find:thing_to_find",
                    "start": 21,
                    "end": 40,
                    "body": "little book of calm",
                    "entities": []
                }
            ],
            "traits": [],
            "intent": "find_thing"
        },
        {
            "text": "The little book of calm",
            "entities": [
                {
                    "entity": "thing_to_find:thing_to_find",
                    "start": 4,
                    "end": 23,
                    "body": "little book of calm",
                    "entities": []
                }
            ],
            "traits": [],
            "intent": "find_thing"
        },
        {
            "text": "Where did I put my sports shoes?",
            "entities": [
                {
                    "entity": "thing_to_find:thing_to_find",
                    "start": 19,
                    "end": 31,
                    "body": "sports shoes",
                    "entities": []
                }
            ],
            "traits": [],
            "intent": "find_thing"
        },
        {
            "text": "Where did I put the red backpack?",
            "entities": [
                {
                    "entity": "thing_to_find:thing_to_find",
                    "start": 20,
                    "end": 32,
                    "body": "red backpack",
                    "entities": []
                }
            ],
            "traits": [],
            "intent": "find_thing"
        }
    ]
}
